raw_name	promotion_status	review_outcome	secondary_source	secondary_id	secondary_name	secondary_inchikey	selected_evidence_path	secondary_source_url	notes
(S)-(+)-Camptothecin	verified	exact_name_and_inchikey_match	ChEBI	CHEBI:27656	camptothecin	VSJKWCGYPAHWDS-FQEVSTJZSA-N	resources/entities/evidence/chemical_second_source_20260813/chebi_search_s_camptothecin.json	https://www.ebi.ac.uk/chebi/backend/api/public/compound/CHEBI:27656/	Three-star ChEBI record independently matches the PubChem InChIKey and compound identity.
Abietic acid	verified	exact_name_and_inchikey_match	ChEBI	CHEBI:28987	abietic acid	RSWGJHLUYNHPMX-ONCXSQPRSA-N	resources/entities/evidence/chemical_second_source_20260813/chebi_search_abietic_acid.json	https://www.ebi.ac.uk/chebi/backend/api/public/compound/CHEBI:28987/	Three-star ChEBI record independently matches the PubChem InChIKey and compound identity.
Doxycycline hyclate	high_confidence_candidate	formulation_representation_conflict	ChEBI	CHEBI:34730	doxycycline hyclate	HALQELOKLVRWRI-VDBOFHIQSA-N	resources/entities/evidence/chemical_second_source_20260813/chebi_search_doxycycline_hyclate.json	https://www.ebi.ac.uk/chebi/backend/api/public/compound/CHEBI:34730/	ChEBI and ChEMBL represent hyclate as two doxycycline molecules plus ethanol water and two chlorides; selected PubChem CID 54705095 uses a one-molecule formula unit. Components agree but exact InChIKey does not, so promotion remains blocked.
Fluconazole	verified	exact_name_and_inchikey_match	ChEBI	CHEBI:46081	fluconazole	RFHAOTPXVQNOHP-UHFFFAOYSA-N	resources/entities/evidence/chemical_second_source_20260813/chebi_search_fluconazole.json	https://www.ebi.ac.uk/chebi/backend/api/public/compound/CHEBI:46081/	Three-star ChEBI record independently matches the PubChem InChIKey and compound identity.
G418	high_confidence_candidate	stereochemistry_conflict	ChEBI	CHEBI:42768	geneticin	BRZYSWJRSDMWLG-CAXSIQPQSA-N	resources/entities/evidence/chemical_second_source_20260813/chebi_search_g418.json	https://www.ebi.ac.uk/chebi/backend/api/public/compound/CHEBI:42768/	ChEMBL CHEMBL215226 matches the selected PubChem InChIKey BRZYSWJRSDMWLG-DJWUNRQOSA-N, but three-star ChEBI geneticin has a different stereochemical InChIKey. Keep candidate until the supplied reagent identity is confirmed.
H2O2	verified	exact_name_and_inchikey_match	ChEBI	CHEBI:16240	hydrogen peroxide	MHAJPDPJQMAIIY-UHFFFAOYSA-N	resources/entities/evidence/chemical_second_source_20260813/chebi_search_hydrogen_peroxide.json	https://www.ebi.ac.uk/chebi/backend/api/public/compound/CHEBI:16240/	Three-star ChEBI record independently matches the PubChem InChIKey and compound identity.
Hygromycin B	high_confidence_candidate	stereochemistry_conflict	ChEBI	CHEBI:16976	hygromycin B	GRRNUXAQVGOGFE-NZSRVPFOSA-N	resources/entities/evidence/chemical_second_source_20260813/chebi_search_hygromycin_b.json	https://www.ebi.ac.uk/chebi/backend/api/public/compound/CHEBI:16976/	The selected PubChem key GRRNUXAQVGOGFE-HUCHGKBZSA-N appears in ChEMBL CHEMBL5308478 without an identifying synonym; three-star ChEBI hygromycin B has a different stereochemical key. Promotion remains blocked.
MMS	verified	exact_name_and_inchikey_match	ChEBI	CHEBI:25255	methyl methanesulfonate	MBABOKRGFJTBAE-UHFFFAOYSA-N	resources/entities/evidence/chemical_second_source_20260813/chebi_search_methyl_methanesulfonate.json	https://www.ebi.ac.uk/chebi/backend/api/public/compound/CHEBI:25255/	Three-star ChEBI record independently matches the PubChem InChIKey and expanded MMS identity.
Neomycin B	verified	exact_alias_and_inchikey_match	ChEBI	CHEBI:7508	framycetin	PGBHMTALBVVCIT-VCIWKGPPSA-N	resources/entities/evidence/chemical_second_source_20260813/chebi_search_neomycin_b.json	https://www.ebi.ac.uk/chebi/backend/api/public/compound/CHEBI:7508/	ChEBI InChIKey matches PubChem; ChEMBL CHEMBL184618 independently lists Neomycin B as USP and Merck Index synonyms of framycetin.
Plumbagin	verified	exact_name_and_inchikey_match	ChEBI	CHEBI:8273	plumbagin	VCMMXZQDRFWYSE-UHFFFAOYSA-N	resources/entities/evidence/chemical_second_source_20260813/chebi_search_plumbagin.json	https://www.ebi.ac.uk/chebi/backend/api/public/compound/CHEBI:8273/	Three-star ChEBI record independently matches the PubChem InChIKey and compound identity.
Tamoxifen	verified	exact_name_and_inchikey_match	ChEBI	CHEBI:41774	tamoxifen	NKANXQFJJICGDU-QPLCGJKRSA-N	resources/entities/evidence/chemical_second_source_20260813/chebi_search_tamoxifen.json	https://www.ebi.ac.uk/chebi/backend/api/public/compound/CHEBI:41774/	Three-star ChEBI record independently matches the PubChem InChIKey and free-base identity; citrate is a distinct ChEBI entry.
LY 294002 hydrochloride	high_confidence_candidate	exact_primary_salt_no_independent_salt_record	ChEBI	CHEBI:65329	LY294002	CZQHHVNHHHRRDU-UHFFFAOYSA-N	resources/entities/evidence/chemical_second_source_20260813/chebi_search_ly294002.json	https://www.ebi.ac.uk/chebi/backend/api/public/compound/CHEBI:65329/	PubChem exact-name lookup resolves the hydrochloride to CID 11957589; ChEBI and ChEMBL independently confirm only the parent LY294002 core. The exact salt is no longer replaced by its parent, but remains a candidate.
Hoechst 33258	proxy	formulation_unspecified_parent_normalized	ChEBI	CHEBI:52082	pibenzimol	INAAIJLSXJJHOZ-UHFFFAOYSA-N	resources/entities/evidence/chemical_second_source_20260813/chebi_search_hoechst_33258.json	https://www.ebi.ac.uk/chebi/backend/api/public/compound/CHEBI:52082/	ChEBI and ChEMBL CHEMBL301735 identify the Hoechst 33258 base. PubChem also lists hydrochloride trihydrochloride and hydrated forms; the competition label omits formulation, so the base is an explicit proxy. Prior CID 1464 was the ethoxy analogue and is rejected.
Oligomycin	proxy	mixture_to_component	ChEBI	CHEBI:28285	oligomycin A	MNULEGDCPYONBU-AWJDAWNUSA-N	resources/entities/evidence/chemical_second_source_20260813/chebi_search_oligomycin.json	https://www.ebi.ac.uk/chebi/backend/api/public/compound/CHEBI:28285/	ChEBI has a separate oligomycin-mixture record CHEBI:84314 and distinct A/B/C components. CID 52947716 is independently confirmed as oligomycin A only, so generic oligomycin remains a component proxy.
Tunicamycin	proxy	mixture_to_component	ChEBI	CHEBI:64245	tunicamycin A1	YJQCOFNZVFGCAF-LLXUUZRASA-N	resources/entities/evidence/chemical_second_source_20260813/chebi_search_tunicamycin.json	https://www.ebi.ac.uk/chebi/backend/api/public/compound/CHEBI:64245/	ChEBI generic tunicamycin CHEBI:29699 is a variable family record with multiple homologs. CID 56927832 is independently confirmed as A1 only, so the generic label remains a component proxy.
